ESPECIE,ESTADO,FORMA,HERBACEA,AMIN,AMAX,FRUTAS,HOJA,USO,CFLOR,ALTMIN,ALTMAX,TMIN,TMAX,HELADAS,RIEGO,VELOCIDAD,INSOLACION,PHMIN,PHMAX,SUELO,CMO,FOTO
Acaciella angustissima,AGUASCALIENTES/BAJACALIFORNIA/BAJACALIFORNIA SUR/CAMPECHE/CHIAPAS/CHIHUAHUA/CIUDADMEXICO/COAHUILA/COLIMA/DURANGO/GUANAJUATO/GUERRERO/HIDALGO/JALISCO/ESTADOMEXICO/MICHOACAN/MORELOS/NAYARIT/NUEVOLEON/OAXACA/PUEBLA/QUERETARO/QUINTANAROO/SANLUIS/SINALOA/SONORA/TABASCO/TAMAULIPAS/TLAXCALA/VERACRUZ/YUCATAN/ZACATECAS,ARBUSTIVO,,0.7,1,SI,PERENNE,FORRAJE/MEDICINAL,BLANCO,2,4,5,30,SI,MODERADO,RAPIDO,SOL,5.6,7.8,FRANCOARENOSO/ARCILLOSO,POBRE,./static/fotos/1.jpg
Agastache mexicana,PUEBLA/OAXACA/VERACRUZ/ESTADOMEXICO/MICHOACAN,HERBACEA,,0.3,0.5,NO,PERENNE,MEDICINAL,LILA/ROJO/ROSA,0.6,0.9,10,30,NO,MODERADO,MODERADO,SOL,7.5,6,ARENOSO/FRANCOARENOSO,MODERADO,./static/fotos/2.jpg
Ageratina glabrata,CHIAPAS/OAXACA/VERACRUZ/PUEBLA/GUERRERO,ARBUSTIVO,,0.3,0.5,NO,PERENNE,MEDICINAL,BLANCO/AMARILLO,0.5,0.7,15,25,NO,MODERADO,MODERADO,SOL,5.5,7,FRANCO,MODERADO,./static/fotos/3.jpg
Aquilegia chrysantha,DURANGO/CHIHUAHUA/ZACATECAS/SONORA/NUEVOLEON,HERBACEA,,0.3,0.45,NO,PERENNE,ORNAMENTAL,AMARILLO,0.6,0.9,-20,20,SI,ABUNDANTE,RAPIDO,SOL,6,7.5,FRANCO,MODERADO,./static/fotos/4.jpg
Bouvardia ternifolia,ZACATECAS/JALISCO/MICHOACAN/OAXACA/CHIAPAS/PUEBLA/VERACRUZ,ARBUSTIVO,,0.3,0.5,NO,PERENNE,MEDICINAL,NARANJA/ROJO,0.6,1.2,-6.7,20,SI,MODERADO,MODERADO,SOL,6,7.5,FRANCO,POBRE,./static/fotos/5.jpg
Calochortus purpureus,OAXACA/CHIAPAS,HERBACEA,,0.1,0.15,SI,PERENNE,ORNAMENTAL,BLANCO/AMARILLO/MORADO,0.15,0.9,-2,20,NO,MODERADO,LENTO,SOL,6,7.5,ARENOSO/FRANCO,MODERADO,./static/fotos/6.jpg
Canavalia villosa,VERACRUZ/TABASCO/CHIAPAS/YUCATAN,HERBACEA,TREPADORA,1,3,NO,PERENNE,ORNAMENTAL,MORADO,1.7,2,10,35,NO,MODERADO,RAPIDO,SOL,5.5,7.5,ARENOSO/FRANCO,MODERADO,./static/fotos/7.jpg
Castilleja tenuiflora,HIDALGO/PUEBLA/VERACRUZ/OAXACA/CHIAPAS,HERBACEA,,0.3,0.5,NO,PERENNE,MEDICINAL/ORNAMENTAL,NARANJA/ROJO,0.2,0.4,5,30,LIGERA,MODERADO,MODERADO,SOL,6,7.5,ARENOSO,MODERADO,./static/fotos/8.jpg
Chilopsis linearis,SONORA/CHIHUAHUA/COAHUILA/NUEVOLEON/TAMAULIPAS,ARBUSTIVO,,3,5,SI,ANUAL,MEDICINAL/ORNAMENTAL,MORADO/ROSA,3,8,-5,40,SI,BAJO,MODERADO,SOL,7,8,ARENOSO/LIMOSO,POBRE,./static/fotos/9.jpg
Chromolaena pulchella,OAXACA/CHIAPAS/VERACRUZ,ARBUSTIVO,,1,2,NO,PERENNE,MEDICINAL,LILA/MORADA,1,2,10,35,LIGERA,BAJO,MODERADO,SOL,7,8,FRANCO,POBRE,./static/fotos/10.jpg
Chrysactinia mexicana,NUEVOLEON/TAMAULIPAS/SANLUIS/QUERETARO/ZACATECAS/DURANGO,ARBUSTIVO,,0.5,1,NO,ANUAL,MEDICINAL,AMARILLO,0.3,0.6,10,40,LIGERA,BAJO,MODERADO,SOL,6.5,7.5,ARENOSO,POBRE,./static/fotos/11.jpg
Cleome spinosa (TARENAYA SPINOSA ),VERACRUZ/TABASCO/CHIAPAS/OAXACA/YUCATAN,HERBACEA,,0.3,0.5,SI,ANUAL,ORNAMENTAL,BLANCO/ROSA/MORADO,1,1.5,10,35,LIGERA,MODERADO,RAPIDO,SOL,6,7,ARENOSO/FRANCO,MODERADO,./static/fotos/12.jpg
Clitoria sp.,CHIAPAS/OAXACA/VERACRUZ/TABASCO/YUCATAN,HERBACEA,TREPADORA,1,3,SI,ANUAL,MEDICINAL/ORNAMENTAL,AZUL/MORADO,2.7,3,10,35,NO,MODERADO,RAPIDO,SOL,6,7.5,ARENOSO/FRANCO,MODERADO,./static/fotos/13.jpg
Commelina coelestis,PUEBLA/OAXACA/VERACRUZ/CHIAPAS,HERBACEA,,0.3,0.5,NO,PERENNE,MEDICINAL,AZUL,0.3,0.5,10,35,LIGERA,MODERADO,MODERADO,SOL,6,7,ARENOSO/FRANCO,MODERADO,./static/fotos/14.jpg
Commelina sp. (rosa),CHIAPAS/OAXACA/PUEBLA/VERACRUZ/TABASCO/GUERRERO,HERBACEA,,0.5,1,SI,PERENNE,MEDICINAL/ORNAMENTAL,ROSA,0.2,0.4,10,35,NO,MODERADO,MODERADO,SOL,6,7,ARENOSO,MODERADO,./static/fotos/15.jpg
Commelina tuberosa,VERACRUZ/CHIAPAS/OAXACA/PUEBLA/GUERRERO,HERBACEA,,0.3,0.5,NO,PERENNE,ORNAMENTAL,AZUL,0.2,0.4,10,35,NO,MODERADO,MODERADO,SOL,6,7,FRANCO,RICO,./static/fotos/16.jpg
Cosmos bipinnatus,MICHOACAN/OAXACA/PUEBLA/VERACRUZ/HIDALGO/ESTADOMEXICO,HERBACEA,,0.5,1,NO,ANUAL,ORNAMENTAL,BLANCO/ROSA/MORADO,1,2,5,35,NO,MODERADO,RAPIDO,SOL,6,7.5,ARENOSO/FRANCO,POBRE,./static/fotos/17.jpg
Cosmos scabiosoides,OAXACA/CHIAPAS/VERACRUZ,HERBACEA,,0.3,0.5,NO,PERENNE,ORNAMENTAL,AMARILLO,0.5,1,10,30,NO,BAJO,MODERADO,SOL,6.5,7.5,ARENOSO/PEDREGOSO,POBRE,./static/fotos/18.jpg
Cosmos sulphureus,PUEBLA/VERACRUZ/OAXACA/CHIAPAS/GUERRERO/MICHOACAN/JALISCO/MORELOS/ESTADOMEXICO/TLAXCALA,HERBACEA,,0.3,0.5,NO,ANUAL,ORNAMENTAL,AMARILLO/NARANJA,0.5,1,10,30,NO,BAJO,MODERADO,SOL,6.5,7.5,ARENOSO/PEDREGOSO,POBRE,./static/fotos/19.jpg
Croton adspersus Benth.,OAXACA/CHIAPAS/GUERRERO/VERACRUZ,ARBUSTIVO,,0.7,1,NO,PERENNE,MEDICINAL,BLANCO/AMARILLO,0.3,0.5,10,35,NO,BAJO,MODERADO,SOL,6.5,7.5,ARENOSO,POBRE,./static/fotos/20.jpg
Crusea coccinea,OAXACA/CHIAPAS/PUEBLA/GUERRERO/VERACRUZ,HERBACEA,,0.7,1,NO,PERENNE,ORNAMENTAL,ROJO,1.7,2,10,30,NO,MODERADO,RAPIDO,SOL,6,7,FRANCO,MODERADO,./static/fotos/21.jpg
Cuphea aequipetala,MICHOACAN/OAXACA/PUEBLA/VERACRUZ/ESTADOMEXICO,HERBACEA,,0.3,0.5,NO,PERENNE,MEDICINAL,LILA/ROJO/ROSA,0.3,0.5,10,30,NO,MODERADO,MODERADO,SOL,6.5,7.5,ARENOSO/FRANCO,MODERADO,./static/fotos/22.jpg
Cuphea jorullensis H.B.K.,MICHOACAN/JALISCO/GUERRERO/OAXACA,HERBACEA,,0.3,0.5,NO,ANUAL,MEDICINAL,NARANJA,0.3,0.5,10,30,NO,MODERADO,MODERADO,SOL,6,7.5,ARENOSO/FRANCO,MODERADO,./static/fotos/23.jpg
Cuphea micropetala,GUANAJUATO/QUERETARO/MICHOACAN/OAXACA/VERACRUZ,HERBACEA,,0.5,1,NO,PERENNE,MEDICINAL/ORNAMENTAL,AMARILLO,0.5,0.7,10,30,LIGERA,MODERADO,MODERADO,SOL,6,7.5,ARENOSO/FRANCO,MODERADO,./static/fotos/24.jpg
Cuphea procumbens,OAXACA/CHIAPAS/VERACRUZ,HERBACEA,,0.5,1,NO,ANUAL,ORNAMENTAL,MORADO/ROSA,0.2,0.3,10,30,NO,MODERADO,MODERADO,SOL,6,7,ARENOSO,MODERADO,./static/fotos/25.jpg
Cuphea tolucana,ESTADOMEXICO/MICHOACAN/GUERRERO,HERBACEA,,0.3,0.5,NO,ANUAL,MEDICINAL/ORNAMENTAL,MORADO/ROJO,0.2,0.4,5,30,LIGERA,MODERADO,MODERADO,SOL,6.5,7,FRANCO,RICO,./static/fotos/26.jpg
Dahlia coccinea,PUEBLA/VERACRUZ/OAXACA/CHIAPAS/MICHOACAN/ESTADOMEXICO,HERBACEA,,1,2,NO,PERENNE,MEDICINAL,NARANJA/ROJO,1,2,5,30,LIGERA,MODERADO,MODERADO,SOL,6.5,7,FRANCO,RICO,./static/fotos/27.jpg
Dahlia sorensenii,PUEBLA/OAXACA/CHIAPAS,HERBACEA,,1,2,NO,ANUAL,ORNAMENTAL,AMARILLO/ROJO,1,2,5,30,NO,MODERADO,MODERADO,SOL,6,7,FRANCO,RICO,./static/fotos/28.jpg
Desmodium macrostachyum,VERACRUZ/TABASCO/CHIAPAS/OAXACA/CAMPECHE/YUCATAN,HERBACEA,,0.5,1,SI,PERENNE,ORNAMENTAL,MORADO/ROSA,0.5,1,10,30,NO,MODERADO,MODERADO,SOL,6.5,7.5,FRANCOARENOSO/ARCILLOSO,MODERADO,./static/fotos/29.jpg
Dichromanthus aurantiacus,PUEBLA/OAXACA/VERACRUZ/CHIAPAS/MICHOACAN,HERBACEA,,0.3,0.5,NO,PERENNE,ORNAMENTAL,NARANJA,0.2,0.4,10,30,NO,BAJO,MODERADO,SOMBRA,6,7,FRANCO,RICO,./static/fotos/30.jpg
Erigeron delphinifolius Willd.,DURANGO/ZACATECAS/SANLUIS/QUERETARO/GUANAJUATO,HERBACEA,,0.5,1,NO,ANUAL,FORRAJE/ORNAMENTAL,BLANCO/ROSA,0.5,1,5,30,LIGERA,MODERADO,MODERADO,SOL,6.5,7,ARENOSO/FRANCO,POBRE,./static/fotos/31.jpg
Eryngium beecheyanum L.,PUEBLA/VERACRUZ/OAXACA/CHIAPAS/HIDALGO,HERBACEA,,0.5,1,NO,ANUAL,MEDICINAL,AZUL/MORADO,0.5,0.8,5,30,LIGERA,BAJO,MODERADO,SOL,6.5,7,ARENOSO/FRANCO,MODERADO,./static/fotos/32.jpg
Eryngium carlinae,ZACATECAS/JALISCO/MICHOACAN/ESTADOMEXICO/PUEBLA/OAXACA,HERBACEA,,0.3,0.5,NO,PERENNE,MEDICINAL,BLANCO/LILA,0.5,0.8,5,30,LIGERA,BAJO,MODERADO,SOL,6.5,7,ARENOSO,POBRE,./static/fotos/33.jpg
Eupatorium pulchellum,VERACRUZ/PUEBLA/OAXACA/CHIAPAS/GUERRERO,HERBACEA,,0.7,1,NO,PERENNE,ORNAMENTAL,LILA/MORADA,0.5,1,10,30,NO,MODERADO,MODERADO,SOMBRA,6.5,7,FRANCO,RICO,./static/fotos/34.jpg
Fuchsia microphylla,MICHOACAN/ESTADOMEXICO/PUEBLA/OAXACA/CHIAPAS,ARBUSTIVO,,1,2,SI,PERENNE,ORNAMENTAL,ROJO/ROSA,1,3,5,25,LIGERA,MODERADO,MODERADO,SOMBRA,5.5,7.5,FRANCO,RICO,./static/fotos/35.jpg
Galphimia glauca Cav.,MORELOS/GUERRERO/OAXACA/CHIAPAS,ARBUSTIVO,,1,2,SI,PERENNE,MEDICINAL,AMARILLO,1,2,10,30,NO,MODERADO,RAPIDO,SOL,6.5,7.5,ARENOSO/FRANCO,MODERADO,./static/fotos/36.jpg
Govenia capitata,VERACRUZ/CHIAPAS/OAXACA/TABASCO,HERBACEA,,0.3,0.5,NO,PERENNE,ORNAMENTAL,AMARILLO/VERDE,0.2,0.4,5,25,NO,MODERADO,LENTO,SOMBRA,6,7,FRANCO,RICO,./static/fotos/37.jpg
Govenia superba,OAXACA/CHIAPAS/VERACRUZ/PUEBLA,HERBACEA,,0.3,0.5,NO,PERENNE,ORNAMENTAL,AMARILLO/VERDE,0.3,0.5,5,25,NO,MODERADO,LENTO,SOMBRA,6,7,FRANCO,RICO,./static/fotos/38.jpg
Govenia utriculata Lindl.,OAXACA/VERACRUZ/CHIAPAS/TABASCO/CAMPECHE,HERBACEA,,0.3,0.5,SI,PERENNE,ORNAMENTAL,AMARILLO/VERDE,0.3,0.5,5,25,NO,MODERADO,LENTO,SOMBRA,6,7,FRANCO,RICO,./static/fotos/39.jpg
Gymnopodium floribundum,CAMPECHE/QUINTANAROO/YUCATAN/TABASCO,ARBOREO,,2,4,SI,PERENNE,ORNAMENTAL,BLANCO,3,5,10,30,NO,MODERADO,MODERADO,SOL,6.5,8,ARENOSO,POBRE,./static/fotos/40.jpg
Heterotheca inuloides Cass.,OAXACA/PUEBLA/CHIAPAS/HIDALGO/GUERRERO/VERACRUZ,HERBACEA,,0.5,1,NO,PERENNE,MEDICINAL,AMARILLO,0.5,1,5,30,LIGERA,MODERADO,MODERADO,SOL,6.5,7,ARENOSO/FRANCO,MODERADO,./static/fotos/41.jpg
Hyptis suaveolens,VERACRUZ/CHIAPAS/OAXACA/TABASCO/CAMPECHE,ARBUSTIVO,,1,2,NO,PERENNE,MEDICINAL,LILA/MORADA,1,2,10,35,NO,BAJO,RAPIDO,SOL,6,7.5,ARENOSO/FRANCO,POBRE,./static/fotos/42.jpg
Ipomea bracteata,GUERRERO/OAXACA/CHIAPAS/VERACRUZ/PUEBLA,HERBACEA,ENREDADERA,2,3,NO,PERENNE,ORNAMENTAL,MORADO/ROSA,3.7,4,10,30,NO,MODERADO,MODERADO,SOL,6.5,7.5,ARENOSO/FRANCO,MODERADO,./static/fotos/43.jpg
Ipomea quamoclit,VERACRUZ/TABASCO/CHIAPAS/OAXACA/CAMPECHE/QUINTANAROO,HERBACEA,TREPADORA/POSTRADA,2,4,SI,ANUAL,ORNAMENTAL,ROJO/ROSA,2.7,3,15,32,NO,MODERADO,RAPIDO,SOL,6.5,7,ARENOSO/FRANCO,MODERADO,./static/fotos/44.jpg
Ipomea serenity,CHIAPAS/OAXACA/VERACRUZ/CAMPECHE,HERBACEA,TREPADORA,2,3,SI,ANUAL,ORNAMENTAL,MORADO/ROSA,4.7,5,15,32,NO,MODERADO,MODERADO,SOL,6.5,7,FRANCO,RICO,./static/fotos/45.jpg
Ipomea trifida,VERACRUZ/OAXACA/CHIAPAS/TABASCO/CAMPECHE,HERBACEA,TREPADORA/POSTRADA,2,3,SI,ANUAL,ORNAMENTAL,MORADO/ROSA,3.7,4,10,30,NO,MODERADO,MODERADO,SOL,6.5,7,ARENOSO,MODERADO,./static/fotos/46.jpg
Ipomea triloba,VERACRUZ/OAXACA/CHIAPAS/TABASCO/QUINTANAROO/CAMPECHE,HERBACEA,TREPADORA,2,3,NO,ANUAL,ORNAMENTAL,MORADO/ROSA,2.7,3,15,32,NO,MODERADO,MODERADO,SOL,6,7,ARENOSO/FRANCO,MODERADO,./static/fotos/47.jpg
Ipomoea alba,VERACRUZ/TABASCO/CHIAPAS/OAXACA/CAMPECHE/QUINTANAROO,HERBACEA,ENREDADERA,2,4,NO,PERENNE,ORNAMENTAL,BLANCO,9.7,10,10,30,NO,MODERADO,RAPIDO,SOL,6,7.5,ARENOSO/FRANCO,MODERADO,./static/fotos/48.jpg
Ipomoea ampullacea,OAXACA/VERACRUZ/CHIAPAS/PUEBLA/GUERRERO,HERBACEA,ENREDADERA,2,4,NO,PERENNE,ORNAMENTAL,MORADO/ROSA,2.7,3,10,30,NO,MODERADO,MODERADO,SOL,6,7.5,ARENOSO/FRANCO,MODERADO,./static/fotos/49.jpg
Ipomoea capillacea,PUEBLA/VERACRUZ/OAXACA/CHIAPAS/MICHOACAN,HERBACEA,,2,4,NO,PERENNE,ORNAMENTAL,MORADO/ROSA,2.7,3,10,30,NO,MODERADO,MODERADO,SOL,6,7,ARENOSO/FRANCO,MODERADO,./static/fotos/50.jpg
Ipomoea carnea Jacq.‌,VERACRUZ/TABASCO/OAXACA/CHIAPAS/CAMPECHE/YUCATAN,ARBUSTIVO,,2,3,NO,PERENNE,ORNAMENTAL,MORADO/ROSA,1,4,15,35,NO,MODERADO,RAPIDO,SOL,5.5,7.5,ARENOSO,MODERADO,./static/fotos/51.jpg
Ipomoea cholulensis,PUEBLA/VERACRUZ/OAXACA,HERBACEA,ENREDADERA,2,4,NO,ANUAL,ORNAMENTAL,ROSA,2.7,3,10,30,NO,MODERADO,MODERADO,SOL,6,7,ARENOSO/FRANCO,MODERADO,./static/fotos/52.jpg
Ipomoea clavata (G. Don) Ooststr. ex Macbr.‌,OAXACA/CHIAPAS/VERACRUZ/GUERRERO,HERBACEA,TREPADORA/POSTRADA,2,3,NO,PERENNE,ORNAMENTAL,ROJO/ROSA,3.7,4,10,30,NO,MODERADO,MODERADO,SOL,6.5,7.5,ARENOSO/FRANCO,MODERADO,./static/fotos/53.jpg
Ipomoea coccinea,VERACRUZ/CHIAPAS/OAXACA/TABASCO/CAMPECHE/QUINTANAROO,HERBACEA,TREPADORA,2,4,SI,ANUAL,ORNAMENTAL,NARANJA/ROJO,2.7,3,10,30,NO,MODERADO,RAPIDO,SOL,6,7.5,ARENOSO/FRANCO,MODERADO,./static/fotos/54.jpg
Ipomoea crinicalyx S. Moore,GUERRERO/OAXACA/CHIAPAS/PUEBLA,HERBACEA,TREPADORA/POSTRADA,2,3,NO,PERENNE,ORNAMENTAL,MORADO,3.7,4,10,30,NO,MODERADO,MODERADO,SOL,6,7,ARENOSO/FRANCO,MODERADO,./static/fotos/55.jpg
Ipomoea decasperma Hallier f. ‌,OAXACA/CHIAPAS/VERACRUZ/TABASCO,HERBACEA,TREPADORA/POSTRADA,2,3,NO,PERENNE,MEDICINAL,LILA/ROJO/ROSA,2.7,3,15,30,NO,MODERADO,MODERADO,SOL,6.5,7,ARENOSO/FRANCO,MODERADO,./static/fotos/56.jpg
Ipomoea hederifolia,VERACRUZ/OAXACA/CHIAPAS/GUERRERO/TABASCO,HERBACEA,TREPADORA/POSTRADA,2,4,NO,ANUAL,ORNAMENTAL,NARANJA/ROJO,2.7,3,10,30,NO,MODERADO,RAPIDO,SOL,6,7.5,ARENOSO/FRANCO,MODERADO,./static/fotos/57.jpg
Ipomoea indica,VERACRUZ/OAXACA/CHIAPAS/TABASCO/CAMPECHE/QUINTANAROO/YUCATAN/GUERRERO/MICHOACAN/PUEBLA/MORELOS,HERBACEA,TREPADORA/POSTRADA,2,4,NO,PERENNE,ORNAMENTAL,AZUL/MORADO,4.7,5,10,30,NO,MODERADO,RAPIDO,SOL,6.5,7,FRANCO,RICO,./static/fotos/58.jpg
Ipomoea muricata (L.) Jacq. ‌,VERACRUZ/CHIAPAS/OAXACA/TABASCO/CAMPECHE/QUINTANAROO,HERBACEA,TREPADORA/POSTRADA,2,3,NO,ANUAL,ORNAMENTAL,BLANCO/LILA,2.7,3,15,30,NO,MODERADO,MODERADO,SOL,6,7.5,ARENOSO/FRANCO,MODERADO,./static/fotos/59.jpg
Ipomoea orizabensis,VERACRUZ/PUEBLA/OAXACA/CHIAPAS,HERBACEA,TREPADORA/POSTRADA,2,3,NO,PERENNE,MEDICINAL,NARANJA/ROJO,2.7,3,10,30,NO,MODERADO,MODERADO,SOL,6,7,FRANCO,RICO,./static/fotos/60.jpg
Ipomoea parasitica (Kunth) G. Don ‌,OAXACA/CHIAPAS/GUERRERO/VERACRUZ,HERBACEA,TREPADORA/POSTRADA,2,3,NO,ANUAL,ORNAMENTAL,BLANCO/LILA,3.7,4,10,30,NO,MODERADO,MODERADO,SOL,6.5,7,ARENOSO/FRANCO,MODERADO,./static/fotos/61.jpg
Ipomoea pes-caprae ‌(L.) R. Br. ‌,QUINTANAROO/CAMPECHE/TABASCO/VERACRUZ/YUCATAN,HERBACEA,POSTRADA,2,4,NO,PERENNE,MEDICINAL,LILA/ROJO/ROSA,0.3,0.6,15,35,NO,BAJO,MODERADO,SOL,6,8,ARENOSO,POBRE,./static/fotos/62.jpg
Ipomoea purpurea,VERACRUZ/OAXACA/CHIAPAS/PUEBLA/GUERRERO/TABASCO,HERBACEA,ENREDADERA,2,4,NO,ANUAL,MEDICINAL/ORNAMENTAL,BLANCO/ROSA/MORADO,2.7,3,10,30,NO,MODERADO,RAPIDO,SOL,6,7.5,ARENOSO/FRANCO,MODERADO,./static/fotos/63.jpg
Ipomoea suffulta,OAXACA/VERACRUZ/CHIAPAS/GUERRERO,HERBACEA,TREPADORA/POSTRADA,2,3,NO,PERENNE,ORNAMENTAL,LILA/ROJO/ROSA,2.7,3,15,30,NO,MODERADO,MODERADO,SOL,6.5,7.5,ARENOSO/PEDREGOSO,POBRE,./static/fotos/64.jpg
Lagascea helianthifolia,OAXACA/CHIAPAS/PUEBLA/GUERRERO/VERACRUZ,ARBUSTIVO,,1,2,SI,PERENNE,ORNAMENTAL,AMARILLO,0.5,1,10,30,LIGERA,BAJO,MODERADO,SOL,6,7,ARENOSO/PEDREGOSO,POBRE,./static/fotos/65.jpg
Lasiarrhenum trinervium,VERACRUZ/OAXACA/CHIAPAS/TABASCO,HERBACEA,,2,3,NO,PERENNE,ORNAMENTAL,ROSA,1.2,1.5,10,28,NO,MODERADO,LENTO,SOMBRA,6,7,ARENOSO/FRANCO,MODERADO,./static/fotos/66.jpg
Lobelia cardinalis,VERACRUZ/OAXACA/CHIAPAS/PUEBLA/HIDALGO,HERBACEA,,0.3,0.5,NO,PERENNE,MEDICINAL/ORNAMENTAL,ROJO,0.5,1,5,30,LIGERA,ABUNDANTE,MODERADO,SOL,6,6.8,ARCILLOSO,RICO,./static/fotos/67.jpg
Lobelia fenestralis,PUEBLA/VERACRUZ/OAXACA/CHIAPAS,HERBACEA,,1,2,NO,ANUAL,MEDICINAL,MORADO,0.5,0.8,8,28,NO,MODERADO,LENTO,SOMBRA,6,7,FRANCO,MODERADO,./static/fotos/68.jpg
Lobelia laxiflora,OAXACA/CHIAPAS/PUEBLA/VERACRUZ/MICHOACAN,HERBACEA,,1,3,NO,PERENNE,MEDICINAL,ROJO,1,2,5,30,LIGERA,MODERADO,MODERADO,SOL,6.5,7,FRANCO,MODERADO,./static/fotos/69.jpg
Loeselia mexicana,PUEBLA/OAXACA/VERACRUZ/CHIAPAS/GUERRERO/MICHOACAN,ARBUSTIVO,,1,2,NO,PERENNE,MEDICINAL,AZUL/LILA,0.3,0.5,5,35,LIGERA,MODERADO,MODERADO,SOL,5.5,8,ARCILLOSO/FRANCO,MODERADO,./static/fotos/70.jpg
Lopezia racemosa,OAXACA/PUEBLA/VERACRUZ/CHIAPAS,HERBACEA,,1,2,SI,ANUAL,FORRAJE,ROJO/ROSA,0.4,0.6,5,30,LIGERA,MODERADO,RAPIDO,SOL,5.5,7.5,ARENOSO/FRANCO,RICO,./static/fotos/71.jpg
Lupinus exaltatus,HIDALGO/PUEBLA/VERACRUZ/OAXACA/ESTADOMEXICO/MICHOACAN,ARBUSTIVO,,1,2,SI,PERENNE,FORRAJE,AZUL/MORADO,0.8,1.2,0,32,SI,BAJO,MODERADO,SOL,5.5,8,ARENOSO/FRANCO,RICO,./static/fotos/72.jpg
Lupinus montanus,PUEBLA/VERACRUZ/OAXACA/CHIAPAS/ESTADOMEXICO/MICHOACAN/MORELOS,ARBUSTIVO,,1,2,SI,PERENNE,ORNAMENTAL,AZUL/MORADO,0.6,1,-5,30,SI,BAJO,MODERADO,SOL,5.5,8,ARCILLOSO,RICO,./static/fotos/73.jpg
Mesosphaerum suaveolens,VERACRUZ/CHIAPAS/OAXACA/TABASCO/CAMPECHE/QUINTANAROO,ARBUSTIVO,,1,2,SI,PERENNE,MEDICINAL/ORNAMENTAL,AZUL/LILA,0.5,1,12,35,NO,BAJO,RAPIDO,SOL,6,7.5,ARENOSO/FRANCO,MODERADO,./static/fotos/74.jpg
Microsechium helleri,OAXACA/CHIAPAS/VERACRUZ,HERBACEA,TREPADORA/POSTRADA,2,3,SI,PERENNE,MEDICINAL,BLANCO,1,1.5,10,30,LIGERA,MODERADO,RAPIDO,SOL,5.5,8,FRANCO,MODERADO,./static/fotos/75.jpg
Milla biflora Cav.,VERACRUZ/OAXACA/CHIAPAS/PUEBLA/ESTADOMEXICO,HERBACEA,TREPADORA/POSTRADA,1,2,NO,PERENNE,FORRAJE/ORNAMENTAL,AMARILLO,0.6,1,5,32,NO,MODERADO,RAPIDO,SOL,5.5,8,ARCILLOSO,MODERADO,./static/fotos/76.jpg
Mitracarpus breviflorus,VERACRUZ/OAXACA/CHIAPAS/TABASCO/CAMPECHE,HERBACEA,,0.5,1,NO,ANUAL,MEDICINAL,BLANCO,0.2,0.3,5,30,NO,MODERADO,RAPIDO,SOL,5.5,8,ARENOSO/FRANCO,MODERADO,./static/fotos/77.jpg
Monnina ciliolata,OAXACA/CHIAPAS/VERACRUZ/PUEBLA,ARBUSTIVO,,1,2,NO,PERENNE,MEDICINAL,AMARILLO,0.5,1,10,32,NO,MODERADO,MODERADO,SOL,5.5,8,ARENOSO/FRANCO,RICO,./static/fotos/78.jpg
Montanoa frutescens,OAXACA/CHIAPAS/GUERRERO/VERACRUZ,ARBUSTIVO,,2,3,NO,PERENNE,MEDICINAL,BLANCO,1,3,10,35,NO,MODERADO,RAPIDO,SOL,5.5,8,ARENOSO/FRANCO,RICO,./static/fotos/79.jpg
Montanoa grandifolia,PUEBLA/VERACRUZ/OAXACA/CHIAPAS/GUERRERO,ARBUSTIVO,,3,4,NO,PERENNE,ORNAMENTAL,BLANCO,2,3,10,35,NO,MODERADO,RAPIDO,SOL,5.5,8,ARENOSO/FRANCO,RICO,./static/fotos/80.jpg
Oenothera elata,CHIHUAHUA/COAHUILA/NUEVOLEON/TAMAULIPAS/DURANGO/ZACATECAS/SANLUIS/JALISCO/MICHOACAN/PUEBLA//OAXACA,HERBACEA,,1,2,NO,PERENNE,ORNAMENTAL,AMARILLO,0.8,1.5,5,35,NO,MODERADO,MODERADO,SOL,5.5,8,ARENOSO/FRANCO,MODERADO,./static/fotos/81.jpg
Oenothera rosea,VERACRUZ/OAXACA/CHIAPAS/TABASCO/CAMPECHE/QUINTANAROO/YUCATAN/PUEBLA,HERBACEA,,1,2,NO,ANUAL,ORNAMENTAL,ROSA,0.6,1.2,5,30,NO,MODERADO,MODERADO,SOL,5.5,8,ARENOSO/FRANCO,MODERADO,./static/fotos/82.jpg
Oxalis corniculata,AGUASCALIENTES/BAJACALIFORNIA/BAJACALIFORNIA SUR/CAMPECHE/CHIAPAS/CHIHUAHUA/CIUDADMEXICO/COAHUILA/COLIMA/DURANGO/GUANAJUATO/GUERRERO/HIDALGO/JALISCO/ESTADOMEXICO/MICHOACAN/MORELOS/NAYARIT/NUEVOLEON/OAXACA/PUEBLA/QUERETARO/QUINTANAROO/SANLUIS/SINALOA/SONORA/TABASCO/TAMAULIPAS/TLAXCALA/VERACRUZ/YUCATAN/ZACATECAS,HERBACEA,POSTRADA,0.5,1,SI,PERENNE,MEDICINAL/ORNAMENTAL,AMARILLO,0.1,0.3,5,30,NO,MODERADO,RAPIDO,SOL,5.5,7.5,ARENOSO/FRANCO,MODERADO,./static/fotos/83.jpg
Passiflora subpeltata,VERACRUZ/CHIAPAS/OAXACA/PUEBLA/GUERRERO/MICHOACAN,HERBACEA,TREPADORA,2,3,SI,ANUAL,ORNAMENTAL,BLANCO/MORADO,3,4,5,32,NO,MODERADO,RAPIDO,SOL,5.5,8,ARENOSO,RICO,./static/fotos/84.jpg
Penstemon barbatus,CHIHUAHUA/DURANGO/ZACATECAS/JALISCO/MICHOACAN/PUEBLA/OAXACA,HERBACEA,,1,2,NO,PERENNE,MEDICINAL/ORNAMENTAL,ROJO,0.6,1,0,30,LIGERA,MODERADO,MODERADO,SOL,5.5,8,ARENOSO,MODERADO,./static/fotos/85.jpg
Penstemon campanulatus,HIDALGO/PUEBLA/VERACRUZ/OAXACA/ESTADOMEXICO/MICHOACAN,HERBACEA,,0.3,0.5,NO,ANUAL,MEDICINAL,AZUL/MORADO,0.3,0.6,5,30,LIGERA,MODERADO,MODERADO,SOL,5.5,8,ARENOSO,MODERADO,./static/fotos/86.jpg
Penstemon miniatus,VERACRUZ/OAXACA/PUEBLA/CHIAPAS,HERBACEA,,0.5,1,SI,PERENNE,ORNAMENTAL,NARANJA/ROJO,0.4,0.7,5,35,LIGERA,MODERADO,MODERADO,SOL,5.5,7.5,ARCILLOSO/FRANCO,MODERADO,./static/fotos/87.jpg
Penstemon roseus,PUEBLA/VERACRUZ/OAXACA/CHIAPAS/HIDALGO,HERBACEA,,1,2,SI,PERENNE,MEDICINAL,MORADO/ROSA,0.5,1,10,30,NO,MODERADO,MODERADO,SOL,5.5,7.8,ARCILLOSO/FRANCO,RICO,./static/fotos/88.jpg
Phacelia platycarpa,JALISCO/MICHOACAN/GUANAJUATO/PUEBLA/VERACRUZ/OAXACA,HERBACEA,,0.5,1,NO,PERENNE,MEDICINAL,AZUL/MORADO,0.3,0.6,5,30,NO,MODERADO,RAPIDO,SOL,5.5,7.5,ARCILLOSO/FRANCO,MODERADO,./static/fotos/89.jpg
Phaseolus coccineus,PUEBLA/VERACRUZ/OAXACA/MICHOACAN/CHIAPAS/GUERRERO,HERBACEA,TREPADORA,2,3,SI,ANUAL,ORNAMENTAL,ROJO,2,3,10,35,NO,MODERADO,RAPIDO,SOL,5.5,7.5,ARENOSO/FRANCO,RICO,./static/fotos/90.jpg
Phaseolus pedicellatus Benth.,OAXACA/VERACRUZ/CHIAPAS/GUERRERO,HERBACEA,TREPADORA,1,2,NO,PERENNE,MEDICINAL,BLANCO,1,2,10,30,NO,MODERADO,MODERADO,SOL,5.5,7.5,ARENOSO/FRANCO,RICO,./static/fotos/91.jpg
Pinguicola moranensis,HIDALGO/PUEBLA/VERACRUZ/OAXACA/CHIAPAS/MICHOACAN/JALISCO,HERBACEA,,0.5,1,NO,PERENNE,ORNAMENTAL,MORADO/ROSA,0.1,0.2,10,30,NO,ABUNDANTE,LENTO,SOL,4.5,6.5,ARENOSO,POBRE,./static/fotos/92.jpg
Polianthes geminiflora (Lex.) Rose.,PUEBLA/VERACRUZ/OAXACA/CHIAPAS,HERBACEA,,0.5,1,NO,PERENNE,MEDICINAL,BLANCO,0.3,0.4,10,30,NO,MODERADO,MODERADO,SOL,5.5,7.5,ARENOSO,MODERADO,./static/fotos/93.jpg
Proboscidea louisianica,COAHUILA/TAMAULIPAS/NUEVOLEON/SANLUIS/DURANGO/ZACATECAS/JALISCO/MICHOACAN/PUEBLA,HERBACEA,,1,2,SI,ANUAL,FORRAJE/ORNAMENTAL,AMARILLO/NARANJA,0.5,1,10,32,NO,MODERADO,MODERADO,SOL,5.5,7.5,ARENOSO,MODERADO,./static/fotos/94.jpg
Psittacanthus calyculatus,PUEBLA/VERACRUZ/OAXACA/CHIAPAS/HIDALGO/MICHOACAN/GUERRERO,HERBACEA,TREPADORA,1,2,NO,PERENNE,MEDICINAL/ORNAMENTAL,AMARILLO/ROJO,0.5,1,10,32,NO,MODERADO,MODERADO,SOL,5.5,8,ARENOSO,MODERADO,./static/fotos/95.jpg
Roldana albonervia (Senecio albonervius ),VERACRUZ/OAXACA/CHIAPAS/PUEBLA,ARBUSTIVO,,1,2,SI,PERENNE,MEDICINAL/ORNAMENTAL,AMARILLO/NARANJA,0.5,1,10,32,NO,MODERADO,MODERADO,SOL,5.5,8,FRANCO,MODERADO,./static/fotos/96.jpg
Ruellia lactea,VERACRUZ/OAXACA/CHIAPAS/TABASCO/CAMPECHE/QUINTANAROO,HERBACEA,,1,2,SI,PERENNE,MEDICINAL,BLANCO,0.5,1,10,35,NO,MODERADO,RAPIDO,SOL,5.5,8,ARENOSO,MODERADO,./static/fotos/97.jpg
Salvia adenophora,PUEBLA/VERACRUZ/OAXACA/CHIAPAS/GUERRERO,ARBUSTIVO,,1,2,SI,PERENNE,MEDICINAL/ORNAMENTAL,MORADO,1,2,10,30,NO,MODERADO,RAPIDO,SOL,5.5,7.5,ARENOSO,MODERADO,./static/fotos/98.jpg
Salvia buchananii Hedge,GUANAJUATO/JALISCO/MICHOACAN,HERBACEA,,1,2,NO,PERENNE,ORNAMENTAL,MORADO/ROJO,0.5,1,10,32,NO,MODERADO,MODERADO,SOL,5.5,7.5,ARENOSO,MODERADO,./static/fotos/99.jpg
Salvia coccinea,VERACRUZ/CHIAPAS/TABASCO/CAMPECHE/QUINTANAROO,HERBACEA,,0.5,1,NO,PERENNE,MEDICINAL,ROJO,0.5,1,5,35,NO,MODERADO,RAPIDO,SOL,5.5,7.5,ARENOSO,MODERADO,./static/fotos/100.jpg
Salvia elegans Vahl.,PUEBLA/VERACRUZ/OAXACA/CHIAPAS/HIDALGO,ARBUSTIVO,,1,2,NO,PERENNE,MEDICINAL,ROJO,1,1.5,10,30,NO,MODERADO,MODERADO,SOL,5.5,7.5,ARENOSO,RICO,./static/fotos/101.jpg
Salvia farinacea,AGUASCALIENTES/BAJACALIFORNIA/BAJACALIFORNIA SUR/CAMPECHE/CHIAPAS/CHIHUAHUA/CIUDADMEXICO/COAHUILA/COLIMA/DURANGO/GUANAJUATO/GUERRERO/HIDALGO/JALISCO/ESTADOMEXICO/MICHOACAN/MORELOS/NAYARIT/NUEVOLEON/OAXACA/PUEBLA/QUERETARO/QUINTANAROO/SANLUIS/SINALOA/SONORA/TABASCO/TAMAULIPAS/TLAXCALA/VERACRUZ/YUCATAN/ZACATECAS,HERBACEA,,0.5,1,NO,PERENNE,ORNAMENTAL,AZUL/MORADO,0.4,1,5,30,NO,MODERADO,RAPIDO,SOL,5.5,7.5,ARENOSO,MODERADO,./static/fotos/102.jpg
Salvia gesneriflora,OAXACA/VERACRUZ/PUEBLA,ARBUSTIVO,,1,2,NO,PERENNE,ORNAMENTAL,NARANJA/ROJO,1,2,10,30,NO,MODERADO,MODERADO,SOL,5.5,7.5,ARENOSO,RICO,./static/fotos/103.jpg
Salvia greggi,COAHUILA/NUEVOLEON/SANLUIS/ZACATECAS/CHIHUAHUA/DURANGO,HERBACEA,,1,2,NO,PERENNE,ORNAMENTAL,MORADO/ROJO,0.5,1,10,35,NO,MODERADO,MODERADO,SOL,5.5,7.5,ARENOSO,MODERADO,./static/fotos/104.jpg
Salvia iodantha,PUEBLA/VERACRUZ/OAXACA/CHIAPAS/MICHOACAN/GUERRERO,ARBUSTIVO,,1,2,NO,PERENNE,MEDICINAL,AZUL/MORADO,0.5,1,10,32,NO,MODERADO,MODERADO,SOL,5.5,7.5,ARENOSO/FRANCO,MODERADO,./static/fotos/105.jpg
Salvia laevis Benth.,PUEBLA/VERACRUZ/OAXACA/CHIAPAS,ARBUSTIVO,,1,2,NO,PERENNE,MEDICINAL,AZUL/MORADO,1,1.5,10,32,NO,MODERADO,MODERADO,SOL,5.5,7.5,ARENOSO,MODERADO,./static/fotos/106.jpg
Salvia lavanduloides,PUEBLA/VERACRUZ/OAXACA/GUERRERO,HERBACEA,,0.5,1,NO,PERENNE,MEDICINAL,LILA,0.3,0.5,10,32,NO,MODERADO,MODERADO,SOL,5.5,7.5,ARENOSO,MODERADO,./static/fotos/107.jpg
Salvia leucantha,PUEBLA/VERACRUZ/OAXACA/CHIAPAS,ARBUSTIVO,,1,2,NO,PERENNE,MEDICINAL/ORNAMENTAL,BLANCO/MORADO,1,2,5,30,NO,MODERADO,RAPIDO,SOL,5.5,7.5,ARENOSO,RICO,./static/fotos/108.jpg
Salvia longispicata,GUANAJUATO/JALISCO/MICHOACAN/SANLUIS,ARBUSTIVO,,1,2,NO,PERENNE,ORNAMENTAL,AZUL/MORADO,1,1.5,10,30,NO,MODERADO,RAPIDO,SOL,5.5,7.5,ARENOSO,MODERADO,./static/fotos/109.jpg
Salvia mexicana,PUEBLA/VERACRUZ/OAXACA/CHIAPAS/MICHOACAN/HIDALGO,HERBACEA,,1,2,NO,PERENNE,FORRAJE/MEDICINAL,MORADO/ROJO,1,1.5,10,30,NO,MODERADO,RAPIDO,SOL,5.5,7.5,ARENOSO,RICO,./static/fotos/110.jpg
Salvia microphylla,PUEBLA/VERACRUZ/OAXACA/CHIAPAS/HIDALGO,ARBUSTIVO,,0.5,1,NO,PERENNE,MEDICINAL,MORADO/ROJO,0.5,1,10,35,NO,MODERADO,RAPIDO,SOL,5.5,7.5,ARENOSO,MODERADO,./static/fotos/111.jpg
Salvia misty,AGUASCALIENTES/BAJACALIFORNIA/BAJACALIFORNIA SUR/CAMPECHE/CHIAPAS/CHIHUAHUA/CIUDADMEXICO/COAHUILA/COLIMA/DURANGO/GUANAJUATO/GUERRERO/HIDALGO/JALISCO/ESTADOMEXICO/MICHOACAN/MORELOS/NAYARIT/NUEVOLEON/OAXACA/PUEBLA/QUERETARO/QUINTANAROO/SANLUIS/SINALOA/SONORA/TABASCO/TAMAULIPAS/TLAXCALA/VERACRUZ/YUCATAN/ZACATECAS,ARBUSTIVO,,1,2,SI,PERENNE,ORNAMENTAL,BLANCO/ROSA,0.5,1,10,30,NO,MODERADO,MODERADO,SOL,5.5,7.5,ARENOSO,MODERADO,./static/fotos/112.jpg
Salvia polystachya Ort.‌,PUEBLA/VERACRUZ/OAXACA/CHIAPAS/MICHOACAN,HERBACEA,,1,2,NO,PERENNE,MEDICINAL/ORNAMENTAL,LILA/MORADA,1,1.5,10,32,NO,MODERADO,RAPIDO,SOL,5.5,7.5,ARENOSO,MODERADO,./static/fotos/113.jpg
Salvia purpurea,VERACRUZ/OAXACA/CHIAPAS/TABASCO/CAMPECHE,HERBACEA,,1,2,NO,PERENNE,MEDICINAL,MORADO,0.5,1,10,30,NO,MODERADO,RAPIDO,SOL,5.5,7.5,ARENOSO,RICO,./static/fotos/114.jpg
Salvia reptans Jacq.,CHIHUAHUA/DURANGO/ZACATECAS/SANLUIS/JALISCO,HERBACEA,,0.5,1,NO,PERENNE,ORNAMENTAL,AZUL/LILA,0.3,0.5,10,30,NO,MODERADO,RAPIDO,SOL,5.5,7.5,ARENOSO,MODERADO,./static/fotos/115.jpg
Salvia roemeriana,CHIHUAHUA/COAHUILA/NUEVOLEON/TAMAULIPAS,HERBACEA,,1,2,NO,PERENNE,ORNAMENTAL,MORADO,0.5,1,10,32,NO,MODERADO,MODERADO,SOL,5.5,7.5,ARENOSO,MODERADO,./static/fotos/116.jpg
Salvia tiliifolia,PUEBLA/VERACRUZ/OAXACA/CHIAPAS,HERBACEA,,1,2,SI,ANUAL,FORRAJE/MEDICINAL,MORADO/ROSA,0.5,1,10,30,NO,MODERADO,MODERADO,SOL,5.5,7.5,ARENOSO,MODERADO,./static/fotos/117.jpg
Schizocarpum parviflorum,OAXACA/CHIAPAS/PUEBLA/VERACRUZ,HERBACEA,TREPADORA,0.5,1,SI,ANUAL,ORNAMENTAL,BLANCO/VERDE,0.3,0.5,10,30,NO,MODERADO,MODERADO,SOL,5.5,7.5,ARENOSO,MODERADO,./static/fotos/118.jpg
Senna pallida,VERACRUZ/CHIAPAS/OAXACA/TABASCO/CAMPECHE/QUINTANAROO,ARBUSTIVO,,2,3,NO,PERENNE,MEDICINAL/ORNAMENTAL,AMARILLO,1,1.5,10,35,NO,MODERADO,MODERADO,SOL,5.5,7.5,ARENOSO,MODERADO,./static/fotos/119.jpg
Sida haenkeana Presl.,OAXACA/VERACRUZ/GUERRERO/MICHOACAN/CHIAPAS,ARBUSTIVO,,1,2,NO,PERENNE,MEDICINAL,AMARILLO/NARANJA,0.5,1,10,32,NO,MODERADO,RAPIDO,SOL,5.5,7.5,ARENOSO,RICO,./static/fotos/120.jpg
Sida rhombifolia L.,AGUASCALIENTES/BAJACALIFORNIA/BAJACALIFORNIA SUR/CAMPECHE/CHIAPAS/CHIHUAHUA/CIUDADMEXICO/COAHUILA/COLIMA/DURANGO/GUANAJUATO/GUERRERO/HIDALGO/JALISCO/ESTADOMEXICO/MICHOACAN/MORELOS/NAYARIT/NUEVOLEON/OAXACA/PUEBLA/QUERETARO/QUINTANAROO/SANLUIS/SINALOA/SONORA/TABASCO/TAMAULIPAS/TLAXCALA/VERACRUZ/YUCATAN/ZACATECAS,ARBUSTIVO,,1,2,NO,PERENNE,FORRAJE/MEDICINAL,AMARILLO/ROSA,0.3,1,10,32,NO,MODERADO,RAPIDO,SOL,5.5,7.5,ARENOSO,MODERADO,./static/fotos/121.jpg
Spigelia scabrella,PUEBLA/VERACRUZ/OAXACA/CHIAPAS,HERBACEA,,1,2,NO,PERENNE,ORNAMENTAL,ROJO/ROSA,0.5,1,10,32,NO,MODERADO,MODERADO,SOL,5.5,7.5,ARENOSO,RICO,./static/fotos/122.jpg
Stachys coccinea,PUEBLA/VERACRUZ/OAXACA/CHIAPAS/GUERRERO,HERBACEA,,0.5,1,SI,PERENNE,FORRAJE,ROJO/ROSA,0.3,0.5,10,32,NO,MODERADO,MODERADO,SOL,5.5,7.5,ARENOSO,MODERADO,./static/fotos/123.jpg
Stachytarpheta jamaicensis,VERACRUZ/TABASCO/CAMPECHE/QUINTANAROO/YUCATAN,HERBACEA,,1,2,NO,PERENNE,MEDICINAL/ORNAMENTAL,AZUL/MORADO,1,1.5,15,35,NO,MODERADO,RAPIDO,SOL,5.5,7.5,ARENOSO,MODERADO,./static/fotos/124.jpg
Stevia lucida,OAXACA/CHIAPAS/PUEBLA/VERACRUZ,ARBUSTIVO,,1,2,NO,PERENNE,MEDICINAL,BLANCO/MORADO,0.3,1,10,35,NO,MODERADO,MODERADO,SOL,5.5,7.5,ARENOSO/FRANCO,MODERADO,./static/fotos/125.jpg
Stevia monardifolia,VERACRUZ/OAXACA/CHIAPAS/GUERRERO,HERBACEA,,1,2,NO,PERENNE,ORNAMENTAL,BLANCO,0.5,1,10,30,NO,MODERADO,MODERADO,SOL,5.5,7.5,ARENOSO,MODERADO,./static/fotos/126.jpg
Stevia pilosa,OAXACA/CHIAPAS/PUEBLA,HERBACEA,,1,2,NO,PERENNE,ORNAMENTAL,BLANCO,0.5,1.2,12,32,NO,MODERADO,MODERADO,SOL,5.5,7.5,ARENOSO,MODERADO,./static/fotos/127.jpg
Stevia serrata,OAXACA/CHIAPAS/GUERRERO,HERBACEA,,1,2,NO,PERENNE,MEDICINAL/ORNAMENTAL,BLANCO,0.5,1,15,32,NO,MODERADO,MODERADO,SOL,5.5,7.5,ARENOSO,RICO,./static/fotos/128.jpg
Stevia viscida,VERACRUZ/OAXACA/CHIAPAS,ARBUSTIVO,,1,2,NO,PERENNE,MEDICINAL,BLANCO,0.5,1,12,32,NO,MODERADO,MODERADO,SOL,5.5,7.5,ARENOSO,MODERADO,./static/fotos/129.jpg
Tagetes lucida,PUEBLA/VERACRUZ/OAXACA/CHIAPAS,HERBACEA,,1,2,NO,PERENNE,MEDICINAL/ORNAMENTAL,AMARILLO/NARANJA,0.5,1,10,32,NO,MODERADO,RAPIDO,SOL,5.5,7.5,ARENOSO,MODERADO,./static/fotos/130.jpg
Tagetes lunulata,MICHOACAN/OAXACA/CHIAPAS/GUERRERO,HERBACEA,,1,2,NO,ANUAL,MEDICINAL/ORNAMENTAL,AMARILLO,0.3,0.5,12,30,NO,MODERADO,RAPIDO,SOL,5.5,7.5,ARENOSO,MODERADO,./static/fotos/131.jpg
Tradescantia crassifolia,PUEBLA/VERACRUZ/OAXACA/CHIAPAS,HERBACEA,,0.5,1,NO,PERENNE,ORNAMENTAL,MORADO,0.3,0.5,12,30,NO,MODERADO,MODERADO,SOL,5.5,7.5,ARENOSO,MODERADO,./static/fotos/132.jpg
Verbesina greenmanii,OAXACA/CHIAPAS/PUEBLA/VERACRUZ,ARBUSTIVO,,1,2,NO,PERENNE,MEDICINAL,AMARILLO,1,1.5,10,32,NO,MODERADO,MODERADO,SOL,5.5,7.5,ARENOSO,RICO,./static/fotos/133.jpg
Verbesina sphaerocephala‌ ‌A. Gray,OAXACA/CHIAPAS/GUERRERO/PUEBLA,HERBACEA,,1,2,NO,PERENNE,ORNAMENTAL,AMARILLO,1,1.5,12,32,NO,MODERADO,MODERADO,SOL,5.5,7.5,ARENOSO,RICO,./static/fotos/134.jpg
Verbesina tetraptera (Ort.) A. Gray‌,PUEBLA/VERACRUZ/OAXACA,HERBACEA,,1,2,NO,PERENNE,ORNAMENTAL,AMARILLO,1,1.5,12,30,NO,MODERADO,MODERADO,SOL,5.5,7.5,ARENOSO,RICO,./static/fotos/135.jpg
Viguiera linearis (Cav.) Hemsl. ‌,MICHOACAN/JALISCO/OAXACA/CHIAPAS,HERBACEA,,1,2,SI,PERENNE,ORNAMENTAL,AMARILLO,1,1.5,10,35,NO,MODERADO,RAPIDO,SOL,5.5,7.5,ARENOSOARCILLOSO,MODERADO,./static/fotos/136.jpg
Zinnia haageana,PUEBLA/VERACRUZ/OAXACA/CHIAPAS,HERBACEA,,0.5,1,NO,ANUAL,ORNAMENTAL,AMARILLO/NARANJA/ROJO,0.3,0.6,10,34,NO,MODERADO,RAPIDO,SOL,6,7.5,ARENOSO,MODERADO,./static/fotos/137.jpg
Zinnia mexicana,GUANAJUATO/JALISCO/MICHOACAN/PUEBLA/OAXACA/CHIAPAS,HERBACEA,,0.5,1,SI,ANUAL,ORNAMENTAL,AMARILLO/BLANCO/NARANJA/ROSA/ROJO,0.5,1,10,36,NO,MODERADO,RAPIDO,SOL,5.5,7.5,ARENOSO,MODERADO,./static/fotos/138.jpg
Zinnia peruviana,PUEBLA/VERACRUZ/OAXACA/CHIAPAS/GUERRERO,HERBACEA,,0.5,1,NO,ANUAL,MEDICINAL/ORNAMENTAL,AMARILLO/BLANCO/NARANJA/ROJO,0.6,1,12,35,NO,MODERADO,RAPIDO,SOL,6,7.5,ARENOSO,MODERADO,./static/fotos/139.jpg
Zinnia violacea,PUEBLA/VERACRUZ/OAXACA/CHIAPAS/MICHOACAN,HERBACEA,,0.5,1,SI,ANUAL,ORNAMENTAL,BLANCO/MORADO/ROJO/ROSA,0.5,1,10,35,NO,MODERADO,RAPIDO,SOL,6,7.5,ARENOSO,MODERADO,./static/fotos/140.jpg